group,left,right,min,max,node,clade_pretty,fossil,authority,locality,outgroup_sequence,age_authority
subset_of_Polypterus,Polypterus_bichir,Polypterus_senegalus,7,,10,subset of Polypterus,Polypterus faraou,Otero et al. (2006),"Toros-Menalla, Chad","subset of Polypterus	Crown Holostei",Otero et al. (2006)
Crown_Chondrostei,Polyodon_spathula,Acipenser_transmontanus,120.8,233.770971,34,Crown Chondrostei,Protopsephurus luii,See Benton et al. (2015),"Yixian Formation, China","Crown Chondrostei	stem Chondrostei 3	stem Chondrostei 2	stem Chondrostei 1","See argumentation in Benton et al. (2015), calibration 26"
Crown_Polyodontidae,Polyodon_spathula,Psephurus_gladius,63.1,177.6873874,35,Crown Polyodontidae,Polyodon tuberculata,Grande & Bemis (1991); Puercan NALMA date from GTS2012,"Tullock Formation, Montana, USA","Crown Polyodontidae	Crown Chondrostei	stem Chondrostei 3	stem Chondrostei 2	stem Chondrostei 1","Puercan NALMA, age estimate derived from Gradstein et al. (2012)"
Crown_Holostei,Amia_calva,Lepisosteus_osseus,251.2,,82,Crown Holostei,Watsonulus eugnathoides,See Benton et al. (2015),See Benton et al. (2015),Crown Holostei,"See argumentation in Benton et al. (2015), calibration 27"
Crown_Teleostei,Elops_saurus,Hiodon_alosoides,151.2,192.7827828,97,Crown Teleostei,Anaethalion zapporum,See Benton et al. (2015),See Benton et al. (2015),"Crown Teleostei	stem Teleostei 5	stem Teleostei 4	stem Teleostei 3	stem Teleostei 2	stem Teleostei 1	stem Halecomorphi 1","See argumentation in Benton et al. (2015), calibration 30"
Elopiformes,Elops_saurus,Megalops_atlanticus,126,157.951952,99,Elopiformes,Arratiaelops vectensis,Taverne (1999),"Bernissart, Belgium","Elopiformes	Albuliformes + Anguilliformes	Crown Teleostei	stem Teleostei 5	stem Teleostei 4	stem Teleostei 3	stem Teleostei 2	stem Teleostei 1	stem Halecomorphi 1","Late Barremian-early Aptian based on Yans et al. (2012), date derived from Gradstein et al. (2012)"
Crown_Lepisosteidae,Lepisosteus_osseus,Atractosteus_spatula,93.9,145.3747748,99,Crown Lepisosteidae,Atractosteus falipoui,See Benton et al. (2015),See Benton et al. (2015),"Crown Lepisosteidae	stem Ginglymodi 4	stem Ginglymodi 5	stem Ginglymodi 3	stem Ginglymodi 2	stem gar 1	stem Halecomorphi 1","See argumentation in Benton et al. (2015), calibration 29"
Albuliformes___Anguilliformes,Albula_vulpes,Anguilla_anguilla,129.4,173.6324324,110,Albuliformes + Anguilliformes,Baugeichthys caeruleus,Filleul (2000),"Massif de Bauges, France","Albuliformes + Anguilliformes	Crown Teleostei	stem Teleostei 5	stem Teleostei 4	stem Teleostei 3	stem Teleostei 2	stem Teleostei 1	stem Halecomorphi 1",Filleul (2000)
Total_group_Angullidae,Serrivomer_sector,Anguilla_anguilla,47,120.6096096,171,Total group Angullidae,Anguilla ignota,Saninti et al. (2013),"Messel, Germany","Total group Angullidae	Total group Echelus	Albuliformes + Anguilliformes	Crown Teleostei	stem Teleostei 5	stem Teleostei 4	stem Teleostei 3	stem Teleostei 2	stem Teleostei 1	stem Halecomorphi 1",Franzen (2005)
Total_group_Serrivomer,Stemonidium_hypomelas,Serrivomer_sector,12.62,87.40580581,178,Total group Serrivomer,Serrivomer sp.,Carenvale (2007),"Torricella Peligna, Italy","Total group Serrivomer	Total group Angullidae	Total group Echelus	Albuliformes + Anguilliformes	Crown Teleostei	stem Teleostei 5	stem Teleostei 4	stem Teleostei 3	stem Teleostei 2	stem Teleostei 1	stem Halecomorphi 1",Carnevale (2007)
Total_group_Echelus,Echelus_myrus,Ophichthus_altipennis,53.7,148.6225225,485,Total group Echelus,Echelus branchialis,"Santini et al. (2013), Young (1993), Young & Williams (2008)","London Clay (Division B2), Aveley Quarry, UK","Total group Echelus	Albuliformes + Anguilliformes	Crown Teleostei	stem Teleostei 5	stem Teleostei 4	stem Teleostei 3	stem Teleostei 2	stem Teleostei 1	stem Halecomorphi 1","NP11 based on Friedman et al. (2016), age estimate derived from Gradstein et al. (2012)"
Total_group_Osteoglossidae,Arapaima_gigas,Notopterus_notopterus,107,159.7017017,540,Total group Osteoglossidae,Paralycoptera wui,Xu & Chang (2009),"Guantou Formation, China","Total group Osteoglossidae	Total group Euteleostei	Crown Teleostei	stem Teleostei 5	stem Teleostei 4	stem Teleostei 3	stem Teleostei 2	stem Teleostei 1	stem Halecomorphi 1","Li et al. (2011, 2013)"
Crown_Osteoglossidae,Heterotis_niloticus,Osteoglossum_bicirrhosum,58.551,138.1206557,541,Crown Osteoglossidae,Joffrichthys symmetropterus,"Li et Wilson 1996 JVP, Li etal 1997a, Li et Wilson 1999, Hilton 2003 and Wilson and Murray 2009.",Paskapoo Formation at Joffre Bridge,"Crown Osteoglossidae	Total group Osteoglossidae	Total group Euteleostei	Crown Teleostei	stem Teleostei 5	stem Teleostei 4	stem Teleostei 3	stem Teleostei 2	stem Teleostei 1	stem Halecomorphi 1","Magnetic polarity chron C26 encompassing Ti 3 and Ti4 of Tiffanian NALMA, age estimate derived from Gradstein et al. (2012)"
_Mormyridae___Gymnarchidae__vs_Notopteridae,Myomyrus_macrops,Notopterus_notopterus,93.9,142.6832833,554,(Mormyridae + Gymnarchidae) vs Notopteridae,Palaeonotopterus greenwoodi,Forey & Cavin (2001); see Benton et al. (2015) for age assessement,"Kem-Kem, Morocco","(Mormyridae + Gymnarchidae) vs Notopteridae	Total group Osteoglossidae	Total group Euteleostei	Crown Teleostei	stem Teleostei 5	stem Teleostei 4	stem Teleostei 3	stem Teleostei 2	stem Teleostei 1	stem Halecomorphi 1","See argumentation in Benton et al. (2015), calibration 29; specimen derives from same geological unit"
Total_group_Euteleostei,Pseudochondrostoma_polylepis,Lepidogalaxias_salamandroides,150.94,177.4772372,733,Total group Euteleostei,Leptolepides haerteisi,Benton et al. (2015),"Solnhofen Formation, Germany","Total group Euteleostei	Crown Teleostei	stem Teleostei 5	stem Teleostei 4	stem Teleostei 3	stem Teleostei 2	stem Teleostei 1	stem Halecomorphi 1","See argumentation in Benton et al. (2015), calibration 34"
Crown_Otomorpha,Denticeps_clupeoides,Gonorynchus_greyi,150.94,167.1416817,778,Crown Otomorpha,Tischlingerichthys viohli,Benton et al. (2015),"Solnhofen Formation, Germany","Total group Euteleostei	Crown Otomorpha	Crown Teleostei	stem Teleostei 5	stem Teleostei 4	stem Teleostei 3	stem Teleostei 2	stem Teleostei 1	stem Halecomorphi 1","See argumentation in Benton et al. (2015), calibration 32"
Total_group_Spratteloidini,Chirocentrus_sp,Spratelloides_gracilis,49,124.5135135,782,Total group Spratteloidini,Trollichthys bolcensis,Maramma & Carnevale (2015),"Bolca, Italy","Crown Engraulidae	Total group Spratteloidini	Crown Otomorpha	Total group Euteleostei	Crown Teleostei	stem Teleostei 5	stem Teleostei 4	stem Teleostei 3	stem Teleostei 2	stem Teleostei 1	stem Halecomorphi 1","See argumentation in Harrington et al. (2016), calibration 4; specimen derives from same geological unit"
Crown_Engraulidae,Coilia_grayii,Engraulis_anchoita,49,150.4474474,796,Crown Engraulidae,Eoengraulis fasoloi,Maramma & Carnevale (2016),"Bolca, Italy","Crown Engraulidae	Total group Euteleostei	Crown Otomorpha	Crown Teleostei	stem Teleostei 5	stem Teleostei 4	stem Teleostei 3	stem Teleostei 2	stem Teleostei 1	stem Halecomorphi 1","See argumentation in Harrington et al. (2016), calibration 4; specimen derives from same geological unit"
Crown_Dorosoma,Dorosoma_petenense,Dorosoma_anale,1.8,117.5297297,1037,Crown Dorosoma,Dorosoma petenense,Miller (1981),"Gatuna Formation, New Mexico","Crown Dorosoma	Crown Engraulidae	Crown Otomorpha	Total group Euteleostei	Crown Teleostei	stem Teleostei 5	stem Teleostei 4	stem Teleostei 3	stem Teleostei 2	stem Teleostei 1	stem Halecomorphi 1","Blacan/Irivingtonian NALMA, age estimate derived from Gradstein et al. (2012)"
Chanidae_vs_Kneriidae,Chanos_chanos,Cromeria_nilotica,126.3,155.7883884,1105,Chanidae vs Kneriidae,Rubiesichthys gregalis,Benton.etal. 2015 fish calibrations,"El Montsec, Spain","Chanidae vs Kneriidae	Total group Euteleostei	Crown Otomorpha	Crown Teleostei	stem Teleostei 5	stem Teleostei 4	stem Teleostei 3	stem Teleostei 2	stem Teleostei 1	stem Halecomorphi 1","See argumentation in Benton et al. (2015), calibration 32"
Total_group_Characiformes,Citharinus_citharus,Nematogenys_inermis,93.9,143.0197197,1111,Total group Characiformes,Characiformes indet.,Dutheil (1999),"Kem Kem Beds, Morocco","Total group Characiformes	Chanidae vs Kneriidae	Crown Otomorpha	Total group Euteleostei	Crown Teleostei	stem Teleostei 5	stem Teleostei 4	stem Teleostei 3	stem Teleostei 2	stem Teleostei 1	stem Halecomorphi 1","See argumentation in Benton et al. (2015), calibration 29; specimen derives from same geological unit"
MRCA_Sternopygus_and_Apteronotus,Sternopygus_macrurus,Apteronotus_leptorhynchus,7.246,117.6952432,1122,MRCA Sternopygus and Apteronotus,Humboldtichthys kirschbaumi,Albert & Fink (2007),"Upper Yecua Formation, Bolivia","MRCA Sternopygus and Apteronotus	Total group Characiformes	Chanidae vs Kneriidae	Crown Otomorpha	Total group Euteleostei	Crown Teleostei	stem Teleostei 5	stem Teleostei 4	stem Teleostei 3	stem Teleostei 2	stem Teleostei 1	stem Halecomorphi 1","Albert and Fink (2007), age estimate derived from Gradstein et al. (2012)"
subset_Serrasalmidae,Catoprion_mento,Serrasalmus_hollandi,6,88.33833834,1482,subset Serrasalmidae,Megapiranha paranensis,Cione et al. (2009),"Ituzaingo Formation, Argentina","subset Serrasalmidae	Total group Spintherobolus	Total group Characiformes	Chanidae vs Kneriidae	Crown Otomorpha	Total group Euteleostei	Crown Teleostei	stem Teleostei 5	stem Teleostei 4	stem Teleostei 3	stem Teleostei 2	stem Teleostei 1	stem Halecomorphi 1",Cione et al. (2009)
Total_group_Lignobrycon,Lignobrycon_myersi,Triportheus_albus,24.5,91.06856857,1658,Total group Lignobrycon,Lignobrycon ligniticus,Malabarba (1998),Tremembe Formation,"Total group Spintherobolus	Total group Lignobrycon	Total group Characiformes	Chanidae vs Kneriidae	Crown Otomorpha	Total group Euteleostei	Crown Teleostei	stem Teleostei 5	stem Teleostei 4	stem Teleostei 3	stem Teleostei 2	stem Teleostei 1	stem Halecomorphi 1","Deseadan SALMA, age estimate derived from Flynn and Swisher (1995)"
Total_group_Spintherobolus,Spintherobolus_broccae,Amazonspinther_dalmata,24.5,119.0760761,1759,Total group Spintherobolus,Megacheirodon unicus,Malabarba (1998),Tremembe Formation,"Total group Spintherobolus	Total group Characiformes	Chanidae vs Kneriidae	Crown Otomorpha	Total group Euteleostei	Crown Teleostei	stem Teleostei 5	stem Teleostei 4	stem Teleostei 3	stem Teleostei 2	stem Teleostei 1	stem Halecomorphi 1","Deseadan SALMA, age estimate derived from Flynn and Swisher (1995)"
Total_group_Salminus,Brycon_atrocaudatus,Salminus_brasiliensis,7.246,63.10538739,1890,Total group Salminus,Salminus noriegai,Cione & Azpelicueta (2013),Parana Formation,"Total group Salminus	Total group Spintherobolus	Total group Lignobrycon	Total group Characiformes	Chanidae vs Kneriidae	Crown Otomorpha	Total group Euteleostei	Crown Teleostei	stem Teleostei 5	stem Teleostei 4	stem Teleostei 3	stem Teleostei 2	stem Teleostei 1	stem Halecomorphi 1",Cione and Azpelicueta (2013)
Crown_group_Callichthyidae,Dianema_urostriatum,Corydoras_fowleri,39.5,99.30630631,2263,Crown group Callichthyidae,Corydoras revelatus,,"Mais Gordo Formation, Argentina","Crown group Callichthyidae	Total group Ictaluridae	Total group Characiformes	Chanidae vs Kneriidae	Total group Euteleostei	Crown Otomorpha	Crown Teleostei	stem Teleostei 5	stem Teleostei 4	stem Teleostei 3	stem Teleostei 2	stem Teleostei 1	stem Halecomorphi 1",Minimum age constrained by zircon dating of overlying Faja Verde (del Papa et al. 2010)
Total_group_Loricariidae,Scoloplax_distolothrix,Delturus_parahybae,24.5,75.23823824,2544,Total group Loricariidae,Taubateia paraiba,Malbaraba & Lundberg (2007),Tremembe Formation,"Total group Loricariidae	Crown group Callichthyidae	Total group Ictaluridae	Total group Characiformes	Chanidae vs Kneriidae	Crown Otomorpha	Total group Euteleostei	Crown Teleostei	stem Teleostei 5	stem Teleostei 4	stem Teleostei 3	stem Teleostei 2	stem Teleostei 1	stem Halecomorphi 1","Deseadan SALMA, age estimate derived from Flynn and Swisher (1995)"
Total_group_Pangasiidae,Plotosus_canius,Pangasianodon_gigas,5.333,94.60233934,3734,Total group Pangasiidae,Cetopangasius chaetobranchus,Roberts & Jumnongthai (1999),"Ban Nong Pla, Thailand","Total group Pangasiidae	Total group Ictaluridae	Total group Characiformes	Chanidae vs Kneriidae	Crown Otomorpha	Total group Euteleostei	Crown Teleostei	stem Teleostei 5	stem Teleostei 4	stem Teleostei 3	stem Teleostei 2	stem Teleostei 1	stem Halecomorphi 1","Miocene, age estimate derived from Gradstein et al. (2012)"
Total_group_Ictaluridae,Cranoglanis_bouderius,Ictalurus_furcatus,59.36,123.1738939,3783,Total group Ictaluridae,Astephus sp.,Lundberg (1975),"Polecat Bench Formation, USA","Total group Ictaluridae	Total group Characiformes	Chanidae vs Kneriidae	Crown Otomorpha	Total group Euteleostei	Crown Teleostei	stem Teleostei 5	stem Teleostei 4	stem Teleostei 3	stem Teleostei 2	stem Teleostei 1	stem Halecomorphi 1","Chron 26R, age estimate derived from Gradstein et al. (2012)"
Total_group_Ameiurus,Ameiurus_catus,Prietella_phreatophila,33.97,98.58750751,3786,Total group Ameiurus,Ameiurus pectinatus,Lundberg (1975),"Florrisant Formation, USA","Total group Ameiurus	Total group Ictaluridae	Total group Characiformes	Chanidae vs Kneriidae	Crown Otomorpha	Total group Euteleostei	Crown Teleostei	stem Teleostei 5	stem Teleostei 4	stem Teleostei 3	stem Teleostei 2	stem Teleostei 1	stem Halecomorphi 1",Evanoff et al. (2001)
Total_group_Pylodictis,Pylodictis_olivaris,Noturus_exilis,16.3,73.03363363,3809,Total group Pylodictis,Pylodictis olivaris,Lundberg (1975),"Sheep Creek Formation, USA","Total group Pylodictis	Total group Ameiurus	Total group Ictaluridae	Total group Characiformes	Chanidae vs Kneriidae	Crown Otomorpha	Total group Euteleostei	Crown Teleostei	stem Teleostei 5	stem Teleostei 4	stem Teleostei 3	stem Teleostei 2	stem Teleostei 1	stem Halecomorphi 1","Hemingfordian NALMA, age estimate derived from Gradstein et al. (2012)"
Crown_Brachyplatystoma,Brachyplatystoma_filamentosum,Brachyplatystoma_tigrinum,12.8,74.60740741,4201,Crown Brachyplatystoma,Brachyplatystoma promagdlaena,Lundberg (2005),"Villavieja Formation, Colombia","Crown Brachyplatystoma	MRCA Chrysichthys	Total group Ictaluridae	Total group Characiformes	Chanidae vs Kneriidae	Crown Otomorpha	Total group Euteleostei	Crown Teleostei	stem Teleostei 5	stem Teleostei 4	stem Teleostei 3	stem Teleostei 2	stem Teleostei 1	stem Halecomorphi 1",Guerrero (1997)
MRCA_Chrysichthys,Chrysichthys_dendrophorus,Imparfinis_minutus,45,100.1101101,4272,MRCA Chrysichthys,Chrysichthys mahengeensis,Murray & Budney (2003),"Mahenge, Tanzania","MRCA Chrysichthys	Total group Ictaluridae	Total group Characiformes	Chanidae vs Kneriidae	Crown Otomorpha	Total group Euteleostei	Crown Teleostei	stem Teleostei 5	stem Teleostei 4	stem Teleostei 3	stem Teleostei 2	stem Teleostei 1	stem Halecomorphi 1",Harrison et al. (2001)
Total_group_Synodontis,Synodontis_centralis,Mochokiella_paynei,28.1,77.18088088,4365,Total group Synodontis,Synodontis sp.,Otero & Gayet (2001),"Thaytiniti, Sultanate of Oman","Total group Synodontis	MRCA Chrysichthys	Total group Ictaluridae	Total group Characiformes	Chanidae vs Kneriidae	Crown Otomorpha	Total group Euteleostei	Crown Teleostei	stem Teleostei 5	stem Teleostei 4	stem Teleostei 3	stem Teleostei 2	stem Teleostei 1	stem Halecomorphi 1","Early Oligocene (i.e., Rupelian), age estimate derived from Gradstein et al. (2001)"
Crown_Catostomidae,Myxocyprinus_asiaticus,Ictiobus_niger,48.88,121.7467868,4508,Crown Catostomidae,Amyzon aggregatum,Near etal. 2012,"Klondike Mountain Formation, Republic, Washington, United States ( † A. aggregatum) (39, 40).","Crown Catostomidae	Total group Characiformes	Chanidae vs Kneriidae	Crown Otomorpha	Total group Euteleostei	Crown Teleostei	stem Teleostei 5	stem Teleostei 4	stem Teleostei 3	stem Teleostei 2	stem Teleostei 1	stem Halecomorphi 1","See argumentation in Near et al. (2012), calibration 8"
Total_group_Cyprinini,Cyprinus_carpio,Puntius_snyderi,40.14,97.50678679,5755,Total group Cyprinini,Cyprinus maomingensis,Chen et al. (2015),"Youganwo Formation, China (Liu, 1957)","Total group Cyprinini	Crown Catostomidae	Total group Characiformes	Chanidae vs Kneriidae	Crown Otomorpha	Total group Euteleostei	Crown Teleostei	stem Teleostei 5	stem Teleostei 4	stem Teleostei 3	stem Teleostei 2	stem Teleostei 1	stem Halecomorphi 1","Chron 18R, age estimate derived from Gradstein et al. (2012)"
Total_group_Cyprinus,Cyprinus_carpio,Carassioides_acuminatus,23.03,73.13741742,5758,Total group Cyprinus,Huashancyprinus robustispinus,Chen & Chang (2011),"Yongning Group, China","Total group Cyprinus	Total group Cyprinini	Crown Catostomidae	Total group Characiformes	Chanidae vs Kneriidae	Crown Otomorpha	Total group Euteleostei	Crown Teleostei	stem Teleostei 5	stem Teleostei 4	stem Teleostei 3	stem Teleostei 2	stem Teleostei 1	stem Halecomorphi 1","Oligocene, age estimate derived from Gradstein et al. (2012)"
Total_group_Macropinna,Macropinna_microstoma,Rhynchohyalus_natalensis,7.246,107.9621682,7936,Total group Macropinna,Macropinna sp,Nazarkin (in press),"Kurasi Formation, Sakhalin","Total group Macropinna	Total group Esocidae	Total group Aulopiformes	Total group Euteleostei	Crown Teleostei	stem Teleostei 5	stem Teleostei 4	stem Teleostei 3	stem Teleostei 2	stem Teleostei 1	stem Halecomorphi 1","Serravallian-Tortonian, age estimate derived from Gradstein et al. (2012)"
Total_group_Esocidae,Esox_lucius,Novumbra_hubbsi,76.4,139.7577578,7955,Total group Esocidae,Estesesox foxi,Wilson et al. (1992),"Milk River Formation, Canada","Total group Esocidae	Total group Aulopiformes	Total group Euteleostei	Crown Teleostei	stem Teleostei 5	stem Teleostei 4	stem Teleostei 3	stem Teleostei 2	stem Teleostei 1	stem Halecomorphi 1","See argumentation in Near et al. (2012), calibration 9"
Crown_Esox,Esox_lucius,Esox_niger,51.57,114.0734535,7957,Crown Esox,Esox kronneri,Grande (1999),"Fossil Butte Member, Green River Formation (F-2 locality), Wyoming, USA","Crown Esox	Total group Esocidae	Total group Aulopiformes	Total group Euteleostei	Crown Teleostei	stem Teleostei 5	stem Teleostei 4	stem Teleostei 3	stem Teleostei 2	stem Teleostei 1	stem Halecomorphi 1",Smith et al. (2008)
Total_group_Salmoninae,Coregonus_nasus,Salmo_salar,51.43,113.9565766,7970,Total group Salmoninae,Eosalmo driftwoodensis,51.77± 0.34,Wilson & Li (1999),"Total group Salmoninae	Total group Esocidae	Total group Aulopiformes	Total group Euteleostei	Crown Teleostei	stem Teleostei 5	stem Teleostei 4	stem Teleostei 3	stem Teleostei 2	stem Teleostei 1	stem Halecomorphi 1","See argumentation in Near et al. (2012), calibration 10"
Total_group_Hucho,Thymallus_thymallus,Salmo_salar,15.4,85.95255255,8034,Total group Hucho,Hucho sp.,Smith & Miller (1985),"Clarkia Lake Beds, Idaho, USA","Total group Hucho	Total group Salmoninae	Total group Esocidae	Total group Aulopiformes	Total group Euteleostei	Crown Teleostei	stem Teleostei 5	stem Teleostei 4	stem Teleostei 3	stem Teleostei 2	stem Teleostei 1	stem Halecomorphi 1",Ladderrud et al. (2015)
Total_group_Oncorynchus,Oncorhynchus_mykiss,Salmo_salar,8.2,60.97777778,8102,Total group Oncorynchus,Oncorhynchus ('Smilodonichthys') rastrosus,Smith et al. (1982),"Brown Creek, Idaho, USA","Total group Oncorynchus	Total group Hucho	Total group Salmoninae	Total group Esocidae	Total group Aulopiformes	Total group Euteleostei	Crown Teleostei	stem Teleostei 5	stem Teleostei 4	stem Teleostei 3	stem Teleostei 2	stem Teleostei 1	stem Halecomorphi 1","Smith et al. (1982), Stearley and Smith (2016)"
Oncorhynchus_keta,Oncorhynchus_keta,Oncorhynchus_gorbuscha,4.8,40.55255255,8124,Oncorhynchus keta,Oncorhynchus keta,Smith (1992),"Chalk Hills Formation, Oregon","Oncorhynchus keta	Total group Oncorynchus	Total group Hucho	Total group Salmoninae	Total group Esocidae	Total group Aulopiformes	Total group Euteleostei	Crown Teleostei	stem Teleostei 5	stem Teleostei 4	stem Teleostei 3	stem Teleostei 2	stem Teleostei 1	stem Halecomorphi 1","Smith (1992), Stearley and Smith (2016)"
Total_group_Stomiiformes,Stomias_affinis,Salangichthys_microdon,93.9,142.0104104,8146,Total group Stomiiformes,Paravinciguerria praecursor,Carnevale & Rindoni (2011),"Monti Nebrodi and Monti Peloritani, Sicily, Italy","Total group Stomiiformes	Total group Aulopiformes	Total group Euteleostei	Crown Teleostei	stem Teleostei 5	stem Teleostei 4	stem Teleostei 3	stem Teleostei 2	stem Teleostei 1	stem Halecomorphi 1","Cenomanian, age estimate derived from Gradstein et al. (2012)"
Total_group_Plecoglossidae,Plecoglossus_altivelis_altivelis,Salangichthys_microdon,56.83,118.4646847,8189,Total group Plecoglossidae,Speirsaenigma lindoei,Wilson & Williams (1991),"Paskapoo Formation, Canada","Total group Plecoglossidae	Total group Stomiiformes	Total group Aulopiformes	Total group Euteleostei	Crown Teleostei	stem Teleostei 5	stem Teleostei 4	stem Teleostei 3	stem Teleostei 2	stem Teleostei 1	stem Halecomorphi 1","Magnetic polarity chron C25n encompassing Tiffanian NALMA, age estimate derived from Gradstein et al. (2012)"
Cylothone_plus_Stigmops,Sigmops_bathyphilus,Cyclothone_obscura,12.62,88.6591992,8237,Cylothone plus Stigmops,Sigmops sp.,Carenvale (2007),"Torricella Peligna, Italy","Cylothone plus Stigmops	Total group Sternoptychidae	Total group Stomiiformes	Total group Aulopiformes	Total group Euteleostei	Crown Teleostei	stem Teleostei 5	stem Teleostei 4	stem Teleostei 3	stem Teleostei 2	stem Teleostei 1	stem Halecomorphi 1",Carnevale (2007)
Total_group_Sternoptychidae,Sternoptyx_obscura,Polymetme_corythaeola,41.3,116.3941942,8275,Total group Sternoptychidae,Polypnoides laevis,Afsari et al. (2014),"Dabakhanian Formation, Georgia","Total group Sternoptychidae	Total group Stomiiformes	Total group Aulopiformes	Total group Euteleostei	Crown Teleostei	stem Teleostei 5	stem Teleostei 4	stem Teleostei 3	stem Teleostei 2	stem Teleostei 1	stem Halecomorphi 1","Lutetian (Bannikov and Parin 1997), age estimate derived from Gradstein et al. (2012)"
Total_group_Argyropelecus,Argyropelecus_hemigymnus,Maurolicus_weitzmani,32.02,91.37837838,8307,Total group Argyropelecus,Argyropelecus sp.,Carnveale (2003),"Lower Khadum Horizon, Caucasus","Total group Argyropelecus	Total group Sternoptychidae	Total group Stomiiformes	Total group Aulopiformes	Total group Euteleostei	Crown Teleostei	stem Teleostei 5	stem Teleostei 4	stem Teleostei 3	stem Teleostei 2	stem Teleostei 1	stem Halecomorphi 1","See argumentation in Benton et al. (2015), calibration 40; specimen derives from same geological unit"
Argyropelecus_hemigymnus,Argyropelecus_hemigymnus,Argyropelecus_sladeni,12.62,66.09811812,8321,Argyropelecus hemigymnus,Argyropelecus logearti,Carnevale (2003),"Torricella Peligna, Italy","Argyropelecus hemigymnus	Total group Argyropelecus	Total group Sternoptychidae	Total group Stomiiformes	Total group Aulopiformes	Total group Euteleostei	Crown Teleostei	stem Teleostei 5	stem Teleostei 4	stem Teleostei 3	stem Teleostei 2	stem Teleostei 1	stem Halecomorphi 1",Carnevale (2007)
Croan_Chauliodus,Chauliodus_macouni,Chauliodus_danae,7.246,87.64966366,8333,Croan Chauliodus,Chauliodus testa,Nazarkin (2014),"Kurasi Formation, Sakhalin","Croan Chauliodus	Total group Sternoptychidae	Total group Stomiiformes	Total group Aulopiformes	Total group Euteleostei	Crown Teleostei	stem Teleostei 5	stem Teleostei 4	stem Teleostei 3	stem Teleostei 2	stem Teleostei 1	stem Halecomorphi 1","Serravallian-Tortonian, age estimate derived from Gradstein et al. (2012)"
Chauliodus_sloani,Chauliodus_sloani,Chauliodus_danae,2.588,59.91853854,8335,Chauliodus sloani,Chauliodus sloani,Landini & Menesini (1978),2.588,"Chauliodus sloani	Croan Chauliodus	Total group Sternoptychidae	Total group Stomiiformes	Total group Aulopiformes	Total group Euteleostei	Crown Teleostei	stem Teleostei 5	stem Teleostei 4	stem Teleostei 3	stem Teleostei 2	stem Teleostei 1	stem Halecomorphi 1","Late Pliocene, age estimate derived from Gradstein et al. (2012)"
Stomias_affinis,Stomias_affinis,Stomias_atriventer,5.33,60.59236236,8343,Stomias affinis,Stomias affinis,Fink & Fink (1986),"Modelo Formation, California","Stomias affinis	Croan Chauliodus	Total group Sternoptychidae	Total group Stomiiformes	Total group Aulopiformes	Total group Euteleostei	Crown Teleostei	stem Teleostei 5	stem Teleostei 4	stem Teleostei 3	stem Teleostei 2	stem Teleostei 1	stem Halecomorphi 1","Late Miocene, age estimate derived from Gradstein et al. (2012)"
Total_group_Galaxias,Galaxias_platei,Galaxias_zebratus,23,133.8148148,8440,Total group Galaxias,Galaxias effusus,Lee et al. (2007),"Foulden Hills Diatomite, New Zealand","Total group Galaxias	Total group Aulopiformes	Total group Euteleostei	Crown Teleostei	stem Teleostei 5	stem Teleostei 4	stem Teleostei 3	stem Teleostei 2	stem Teleostei 1	stem Halecomorphi 1",Lee et al. (2007)
Total_group_Aulopiformes,Alepisaurus_ferox,Scopelengys_tristis,103.13,159.4079179,8529,Total group Aulopiformes,Apateodus glyphodus,Goody (1969),"Gault Clay Formation, UK","Total group Aulopiformes	Total group Euteleostei	Crown Teleostei	stem Teleostei 5	stem Teleostei 4	stem Teleostei 3	stem Teleostei 2	stem Teleostei 1	stem Halecomorphi 1","Mortiniceras inflatum Ammonite Zone (Young et al. 2010), age estimate derived from Gradstein et al. (2012)"
Total_group_Alepisaurus,Alepisaurus_ferox,Omosudis_lowii,15.97,132.8433333,8651,Total group Alepisaurus,Alepisaurus 'ferox',D'Erasmo (1924),"Rosignano, Italy","Total group Alepisaurus	Total group Aulopiformes	Total group Euteleostei	Crown Teleostei	stem Teleostei 5	stem Teleostei 4	stem Teleostei 3	stem Teleostei 2	stem Teleostei 1	stem Halecomorphi 1","Burdigalian (Carnevale 2007), age estimate derived from Gradstein et al. (2012)"
Crown_Myctophiformes,Neoscopelus_microchir,Bolinichthys_longipes,32.02,116.4762162,8668,Crown Myctophiformes,Eomyctophum koraense,Prokofiev (2006),"Kora, North Osetia","Crown Myctophiformes	Total group Lampridformes	Total group Aulopiformes	Total group Euteleostei	Crown Teleostei	stem Teleostei 5	stem Teleostei 4	stem Teleostei 3	stem Teleostei 2	stem Teleostei 1	stem Halecomorphi 1","See argumentation in Benton et al. (2015), calibration 40; specimen derives from lateral equivalent"
Total_group_Bolinichthys,Lepidophanes_guentheri,Bolinichthys_longipes,5.33,87.37335335,8700,Total group Bolinichthys,Bolinichthys sp.,"Denton 2013 described the fossil, position of genus in tree determined in Denton (2015).","Modelo Formation, California, USA","Total group Bolinichthys	Crown Myctophiformes	Total group Lampridformes	Total group Aulopiformes	Total group Euteleostei	Crown Teleostei	stem Teleostei 5	stem Teleostei 4	stem Teleostei 3	stem Teleostei 2	stem Teleostei 1	stem Halecomorphi 1","Late Miocene, age estimate derived from Gradstein et al. (2012)"
Total_group_Polymixiiformes,Polymixia_lowei,Percopsis_transmontana,93.6,125.9267267,8900,Total group Polymixiiformes,Homonotichthys dorsalis,Near etal.2012 Calibration 11.,"English Chalk Group, UK","Total group Polymixiiformes	Total group Lampridformes	Total group Aulopiformes	Total group Euteleostei	Crown Teleostei	stem Teleostei 5	stem Teleostei 4	stem Teleostei 3	stem Teleostei 2	stem Teleostei 1	stem Halecomorphi 1","See argumentation in Near et al. (2012), calibration 11"
Crown_Percopsiformes,Percopsis_transmontana,Amblyopsis_rosae,63.1,94.31771772,8909,Crown Percopsiformes,Massamorichthys wilsoni,Alfaro et al. (in prep),"Tullock Formation, Montana, USA","Crown Percopsiformes	Crown Zeiformes	Total group Polymixiiformes	Total group Lampridformes	Total group Aulopiformes	Total group Euteleostei	Crown Teleostei	stem Teleostei 5	stem Teleostei 4	stem Teleostei 3	stem Teleostei 2	stem Teleostei 1	stem Halecomorphi 1","See argumentation in Alfaro et al. (in revision), calibration 3"
Amblyopsidae_vs_Aphredoderidae,Aphredoderus_gib,Amblyopsis_rosae,33.07,78.36531532,8913,Amblyopsidae vs Aphredoderidae,Trichophanes foliarum,Near etal.2012 Calibration 13.,"Florissant, Colorado, USA","Amblyopsidae vs Aphredoderidae	Crown Percopsiformes	Crown Zeiformes	Total group Polymixiiformes	Total group Lampridformes	Total group Aulopiformes	Total group Euteleostei	Crown Teleostei	stem Teleostei 5	stem Teleostei 4	stem Teleostei 3	stem Teleostei 2	stem Teleostei 1	stem Halecomorphi 1","See argumentation in Near et al. (2012), calibration 13"
Crown_Zeiformes,Zeus_faber,Zenion_hololepis,69.71,108.2996196,8931,Crown Zeiformes,Cretzeus rinaldii,Tyler & Santini (2005),"Nardo, Italy","Crown Zeiformes	Total group Polymixiiformes	Total group Lampridformes	Total group Aulopiformes	Total group Euteleostei	Crown Teleostei	stem Teleostei 5	stem Teleostei 4	stem Teleostei 3	stem Teleostei 2	stem Teleostei 1	stem Halecomorphi 1","See argumentation in Harrington et al. (2016), calibration 3; specimen derives from same geological unit"
Crown_Zeidae,Zeus_faber,Zenopsis_conchifer,32.02,90.18324324,8938,Crown Zeidae,"Zenopsis clarus, Zenopsis tyleri, and Zenopsis hoernesi",Santini et al. (2006),"Lower Khadum Horizon, Caucasus","Crown Zeidae	Crown Zeiformes	Total group Polymixiiformes	Total group Lampridformes	Total group Aulopiformes	Total group Euteleostei	Crown Teleostei	stem Teleostei 5	stem Teleostei 4	stem Teleostei 3	stem Teleostei 2	stem Teleostei 1	stem Halecomorphi 1","See argumentation in Benton et al. (2015), calibration 40; specimen derives from same geological unit"
Crown_Gadiformes,Gadus_morhua,Bregmaceros_atlanticus,53.7,92.87437437,8970,Crown Gadiformes,Rhinocephalus planiceps,Endo (2002),"London Clay Formation (B division), UK","Crown Gadiformes	Crown Zeiformes	Total group Polymixiiformes	Total group Lampridformes	Total group Aulopiformes	Total group Euteleostei	Crown Teleostei	stem Teleostei 5	stem Teleostei 4	stem Teleostei 3	stem Teleostei 2	stem Teleostei 1	stem Halecomorphi 1","NP11 based on Friedman et al. (2016), age estimate derived from Gradstein et al. (2012)"
Total_group_Macrouridae,Squalogadus_modificatus,Mora_moro,41.3,77.48528529,8978,Total group Macrouridae,Nezumia lindsayi,Kriwet & Hecht (2008),"La Meseta Formation, Unit II (Telms 3-5), Antarctica","Total group Macrouridae	Crown Gadiformes	Crown Zeiformes	Total group Polymixiiformes	Total group Lampridformes	Total group Aulopiformes	Total group Euteleostei	Crown Teleostei	stem Teleostei 5	stem Teleostei 4	stem Teleostei 3	stem Teleostei 2	stem Teleostei 1	stem Halecomorphi 1","Lutetian, age estimate derived from Gradstein et al. (2012)"
Meluccius_merluccius,Merluccius_merluccius,Merluccius_senegalensis,5.333,43.59128829,9045,Meluccius merluccius,Merluccius cf. merluccius,Carnevale (2005),"Oran, Algeria","Meluccius merluccius	Total group Gaidropsarus	Total group Macrouridae	Crown Gadiformes	Crown Zeiformes	Total group Polymixiiformes	Total group Lampridformes	Total group Aulopiformes	Total group Euteleostei	Crown Teleostei	stem Teleostei 5	stem Teleostei 4	stem Teleostei 3	stem Teleostei 2	stem Teleostei 1	stem Halecomorphi 1","Messinian, age estimate derived from Gradstein et al. (2012)"
Total_group_Gaidropsarus,Gaidropsarus_mediterraneus,Ciliata_mustela,13.53,59.80444444,9086,Total group Gaidropsarus,Gaidropsarus pilleri,Carnevale & Harzhauser (2013),"St. Margarethen, Austria","Total group Gaidropsarus	Total group Macrouridae	Crown Gadiformes	Crown Zeiformes	Total group Polymixiiformes	Total group Lampridformes	Total group Aulopiformes	Total group Euteleostei	Crown Teleostei	stem Teleostei 5	stem Teleostei 4	stem Teleostei 3	stem Teleostei 2	stem Teleostei 1	stem Halecomorphi 1","NN5b, age estimage derived from Gradstein et al. (2012)"
Gadiculus,Gadiculus_argenteus,Micromesistius_australis,5.333,43.59128829,9113,Gadiculus,Gadiculus cf. jonas,Carnevale (2005),"Oran, Algeria","Gadiculus	Total group Gaidropsarus	Total group Macrouridae	Crown Gadiformes	Crown Zeiformes	Total group Polymixiiformes	Total group Lampridformes	Total group Aulopiformes	Total group Euteleostei	Crown Teleostei	stem Teleostei 5	stem Teleostei 4	stem Teleostei 3	stem Teleostei 2	stem Teleostei 1	stem Halecomorphi 1","Messinian, age estimate derived from Gradstein et al. (2012)"
Total_group_Bregmaceros,Steindachneria_argentea,Bregmaceros_atlanticus,41.3,77.48528529,9185,Total group Bregmaceros,Bregmaceros filamentosus,Prikryl et al. (2016),"Dabakhanian Formation, Georgia","Total group Bregmaceros	Crown Gadiformes	Crown Zeiformes	Total group Polymixiiformes	Total group Lampridformes	Total group Aulopiformes	Total group Euteleostei	Crown Teleostei	stem Teleostei 5	stem Teleostei 4	stem Teleostei 3	stem Teleostei 2	stem Teleostei 1	stem Halecomorphi 1","Lutetian, age estimate derived from Gradstein et al. (2012)"
Total_group_Lampridformes,Ostichthys_japonicus,Velifer_hypselopterus,98,142.8648649,9357,Total group Lampridformes,Aipichthys velifer,Davesne et al. (2014),"Sannine Limestone, Lebanon","Total group Lampridformes	Total group Aulopiformes	Total group Euteleostei	Crown Teleostei	stem Teleostei 5	stem Teleostei 4	stem Teleostei 3	stem Teleostei 2	stem Teleostei 1	stem Halecomorphi 1","See argumentation in Harrington et al. (2016), calibration 1"
Total_group_Lamprididae,Lampris_guttatus,Velifer_hypselopterus,54.17,119.2536737,9359,Total group Lamprididae,Turkmene finitimus,"Danil'chenko (1968), Bannikov (1999)","Danatinsk Formation, Turkmenistan","Total group Lamprididae	Total group Lampridformes	Total group Aulopiformes	Total group Euteleostei	Crown Teleostei	stem Teleostei 5	stem Teleostei 4	stem Teleostei 3	stem Teleostei 2	stem Teleostei 1	stem Halecomorphi 1","See argumentation in Harrington et al. (2016), 'Total-group Carangiformes'; specimen derives from same geological unit"
Total_group_Lophotidae,Lophotus_lacepede,Trachipterus_arcticus,41.3,96.16156156,9368,Total group Lophotidae,Eolophotes lenis,"Danil'chenko (1962, 1980)","Dabakhanian Formation, Georgia","Total group Lophotidae	Total group Lamprididae	Total group Lampridformes	Total group Aulopiformes	Total group Euteleostei	Crown Teleostei	stem Teleostei 5	stem Teleostei 4	stem Teleostei 3	stem Teleostei 2	stem Teleostei 1	stem Halecomorphi 1","Lutetian (Bannikov and Parin 1997), age estimate derived from Gradstein et al. (2012)"
Trachipteridae,Trachipterus_arcticus,Regalecus_glesne,5.333,70.37209009,9370,Trachipteridae,Trachipterus mauritanicus,Carnevale (2004),"Oran, Algeria","Trachipteridae	Total group Lophotidae	Total group Lamprididae	Total group Lampridformes	Total group Aulopiformes	Total group Euteleostei	Crown Teleostei	stem Teleostei 5	stem Teleostei 4	stem Teleostei 3	stem Teleostei 2	stem Teleostei 1	stem Halecomorphi 1","Messinian, age estimate derived from Gradstein et al. (2012)"
Total_group_Holocentroidei,Holocentrus_rufus,Aulotrachichthys_prosthemius,98,126.9129129,9388,Total group Holocentroidei,Stichocentrus liratus,Patterson (1967),"Sannine Limestone, Lebanaon","Total group Lampridformes	Total group Holocentroidei	Total group Aulopiformes	Total group Euteleostei	Crown Teleostei	stem Teleostei 5	stem Teleostei 4	stem Teleostei 3	stem Teleostei 2	stem Teleostei 1	stem Halecomorphi 1","See argumentation in Harrington (2016), calibration 2"
Crown_Holocentridae,Ostichthys_japonicus,Sargocentron_cornutum,49,106.5885886,9389,Crown Holocentridae,Berybolcensis leptacanthus,Alfaro et al. (in prep),"Bolca, Italy","Crown Holocentridae	Total group Lampridformes	Total group Holocentroidei	Total group Aulopiformes	Total group Euteleostei	Crown Teleostei	stem Teleostei 5	stem Teleostei 4	stem Teleostei 3	stem Teleostei 2	stem Teleostei 1	stem Halecomorphi 1","See argumentation in Harrington et al. (2016), calibration 4; specimen derives from same geological unit"
Total_group_Trachichthyoidei,Monocentris_japonica,Rondeletia_bicolor,93.6,114.1409409,9474,Total group Trachichthyoidei,Hoplopteryx lewesensis,"Patterson (1963, 1993)","English Chalk Group, UK","Total group Trachichthyoidei	Total group Lampridformes	Total group Holocentroidei	Total group Aulopiformes	Total group Euteleostei	Crown Teleostei	stem Teleostei 5	stem Teleostei 4	stem Teleostei 3	stem Teleostei 2	stem Teleostei 1	stem Halecomorphi 1","See argumentation in Near et al. (2012), calibration 17"
Total_group_Gephyroberyx,Gephyroberyx_darwinii,Hoplostethus_gigas,32.02,97.35405405,9489,Total group Gephyroberyx,Gephyroberyx robustus,Near et al. (2012),"Lower Khadum Horizon, Caucasus","Total group Gephyroberyx	Total group Trachichthyoidei	Total group Lampridformes	Total group Holocentroidei	Total group Aulopiformes	Total group Euteleostei	Crown Teleostei	stem Teleostei 5	stem Teleostei 4	stem Teleostei 3	stem Teleostei 2	stem Teleostei 1	stem Halecomorphi 1","See argumentation in Benton et al. (2015), calibration 40; specimen derives from same geological unit"
Crown_Stephanoberyciformes,Acanthochaenus_luetkenii,Rondeletia_bicolor,9.83,96.05107107,9511,Crown Stephanoberyciformes,Miobarbourisia aomori,Fuji et al. (2007),Wadagawa Formation,"Crown Stephanoberyciformes	Total group Trachichthyoidei	Total group Lampridformes	Total group Holocentroidei	Total group Aulopiformes	Total group Euteleostei	Crown Teleostei	stem Teleostei 5	stem Teleostei 4	stem Teleostei 3	stem Teleostei 2	stem Teleostei 1	stem Halecomorphi 1","N15 (Aoyagi and Omokawa 1993), age estimate derived from Gradstein et al. (2012)"
Total_group_Hypsigenyini,Lachnolaimus_maximus,Pteragogus_cryptus,49,79.89189189,9705,Total group Hypsigenyini,Phyllophyarngodon longipinnis,Alfaro et al. (in prep),"Bolca, Italy","Total group Hypsigenyini	Total group Tetraodontoidei	Total group Macrorhamphosa	Total group Lampridformes	Total group Holocentroidei	Total group Aulopiformes	Total group Euteleostei	Crown Teleostei	stem Teleostei 5	stem Teleostei 4	stem Teleostei 3	stem Teleostei 2	stem Teleostei 1	stem Halecomorphi 1","See argumentation in Alfaro et al. (in revision), additional taxon 5"
Total_group_Calotomus,Calotomus_spinidens,Cryptotomus_roseus,13.53,48.13161161,9856,Total group Calotomus,Calotomus priesli,Alfaro et al. (in prep),"St Margarethen, Austria","Total group Calotomus	Total group Tautoga	Total group Hypsigenyini	Total group Tetraodontoidei	Total group Macrorhamphosa	Total group Lampridformes	Total group Holocentroidei	Total group Aulopiformes	Total group Euteleostei	Crown Teleostei	stem Teleostei 5	stem Teleostei 4	stem Teleostei 3	stem Teleostei 2	stem Teleostei 1	stem Halecomorphi 1","See argumentation in Alfaro et al. (in revision), calibration 12"
Total_group_Tautoga,Tautoga_onitis,Acantholabrus_palloni,15,62.77277277,10002,Total group Tautoga,Tautoga sp.,Alfaro et al. (in prep),"Calvert Formation, Maryland, USA","Total group Tautoga	Total group Hypsigenyini	Total group Tetraodontoidei	Total group Macrorhamphosa	Total group Lampridformes	Total group Holocentroidei	Total group Aulopiformes	Total group Euteleostei	Crown Teleostei	stem Teleostei 5	stem Teleostei 4	stem Teleostei 3	stem Teleostei 2	stem Teleostei 1	stem Halecomorphi 1","See argumentation in Alfaro et al. (in revision), additional taxon 6"
Crown_Lophiiformes,Lophiodes_reticulatus,Antennarius_striatus,49,79.89189189,10408,Crown Lophiiformes,Caruso brachysomus,Carnevale & Pietsch (2012),"Bolca, Italy","Crown Lophiiformes	Total group Tetraodontoidei	Total group Macrorhamphosa	Total group Lampridformes	Total group Holocentroidei	Total group Aulopiformes	Total group Euteleostei	Crown Teleostei	stem Teleostei 5	stem Teleostei 4	stem Teleostei 3	stem Teleostei 2	stem Teleostei 1	stem Halecomorphi 1","See argumentation in Harrington et al. (2016), calibration 4; specimen derives from same geological unit"
MRCA_Lophioides_plus_Lophius,Lophiodes_reticulatus,Lophius_piscatorius,38,66.25225225,10409,MRCA Lophioides plus Lophius,Eosladenia caucasica,"Bannikov (2004), Carnevale & Pietsch (2012)","Gomyi Luch, Russia","MRCA Lophioides plus Lophius	Crown Lophiiformes	Total group Tetraodontoidei	Total group Macrorhamphosa	Total group Lampridformes	Total group Holocentroidei	Total group Aulopiformes	Total group Euteleostei	Crown Teleostei	stem Teleostei 5	stem Teleostei 4	stem Teleostei 3	stem Teleostei 2	stem Teleostei 1	stem Halecomorphi 1","Bartonian (Bannikov and Parin 1997), age estimate derived from Gradstein et al. (2012)"
Total_group_Ogcocephalidae,Ogcocephalus_parvus,Chaunax_pictus,49,68.45045045,10430,Total group Ogcocephalidae,Tarkus squirei,Carnevale & Pietsch (2010),"Bolca, Italy","Crown Lophiiformes	Total group Ogcocephalidae	Total group Tetraodontoidei	Total group Macrorhamphosa	Total group Lampridformes	Total group Holocentroidei	Total group Aulopiformes	Total group Euteleostei	Crown Teleostei	stem Teleostei 5	stem Teleostei 4	stem Teleostei 3	stem Teleostei 2	stem Teleostei 1	stem Halecomorphi 1","See argumentation in Harrington et al. (2016), calibration 4; specimen derives from same geological unit"
Total_group_Antennaridae,Antennarius_indicus,Chaunax_pictus,49,60.82282282,10450,Total group Antennaridae,Eophryne barbutii,Carnevale & Pietsch (2009),"Bolca, Italy","Crown Lophiiformes	Total group Antennaridae	Total group Ogcocephalidae	Total group Tetraodontoidei	Total group Macrorhamphosa	Total group Lampridformes	Total group Holocentroidei	Total group Aulopiformes	Total group Euteleostei	Crown Teleostei	stem Teleostei 5	stem Teleostei 4	stem Teleostei 3	stem Teleostei 2	stem Teleostei 1	stem Halecomorphi 1","See argumentation in Harrington et al. (2016), calibration 4; specimen derives from same geological unit"
Oneiroides,Oneirodes_macrosteus,Lophodolos_indicus,7.42,50.56630631,10485,Oneiroides,Oneiroides sp.,,"Puente Formation (Yorba Member), California, USA","Oneiroides	Crown Lophiiformes	Total group Antennaridae	Total group Ogcocephalidae	Total group Tetraodontoidei	Total group Macrorhamphosa	Total group Lampridformes	Total group Holocentroidei	Total group Aulopiformes	Total group Euteleostei	Crown Teleostei	stem Teleostei 5	stem Teleostei 4	stem Teleostei 3	stem Teleostei 2	stem Teleostei 1	stem Halecomorphi 1","CN9A, age estimate derived from Gradstein et al. (2012)"
Antennarius_ocellatus_group,Antennarius_indicus,Antennarius_striatus,5.333,49.96766967,10547,Antennarius ocellatus group,Antennarius monodi,Carnevale & Pietsch (2006),"Oran, Algeria","Antennarius ocellatus group	Crown Lophiiformes	Total group Antennaridae	Total group Ogcocephalidae	Total group Tetraodontoidei	Total group Macrorhamphosa	Total group Lampridformes	Total group Holocentroidei	Total group Aulopiformes	Total group Euteleostei	Crown Teleostei	stem Teleostei 5	stem Teleostei 4	stem Teleostei 3	stem Teleostei 2	stem Teleostei 1	stem Halecomorphi 1","Messinian, age estimate derived from Gradstein et al. (2012)"
Total_group_Triodontidae,Triodon_macropterus,Aracana_aurita,53.7,80.82072072,10566,Total group Triodontidae,Ctenoplectus williamsi,Close et al. (in press),"London Clay Formation (B division), UK","Total group Triodontidae	Total group Tetraodontoidei	Total group Macrorhamphosa	Total group Lampridformes	Total group Holocentroidei	Total group Aulopiformes	Total group Euteleostei	Crown Teleostei	stem Teleostei 5	stem Teleostei 4	stem Teleostei 3	stem Teleostei 2	stem Teleostei 1	stem Halecomorphi 1","NP11 based on Friedman et al. (2016), age estimate derived from Gradstein et al. (2012)"
Total_group_Ostraciidae,Ostracion_cubicus,Kentrocapros_rosapinto,49,69.59459459,10568,Total group Ostraciidae,Eolactoria sorbinii,Bannikov et al. (2016),"Bolca, Italy","Total group Ostraciidae	Total group Triodontidae	Total group Tetraodontoidei	Total group Macrorhamphosa	Total group Lampridformes	Total group Holocentroidei	Total group Aulopiformes	Total group Euteleostei	Crown Teleostei	stem Teleostei 5	stem Teleostei 4	stem Teleostei 3	stem Teleostei 2	stem Teleostei 1	stem Halecomorphi 1","See argumentation in Harrington et al. (2016), calibration 4; specimen derives from same geological unit"
Crown_group_Ostraciidae,Acanthostracion_quadricornis,Ostracion_cubicus,30.28,57.88828829,10584,Crown group Ostraciidae,Oligolactoria bubiki,"Bannikov et al. (2016), Tyler & Gregorova (1991)","Menilitic Formation, Czech Republic","Crown group Ostraciidae	Total group Ostraciidae	Total group Triodontidae	Total group Tetraodontoidei	Total group Macrorhamphosa	Total group Lampridformes	Total group Holocentroidei	Total group Aulopiformes	Total group Euteleostei	Crown Teleostei	stem Teleostei 5	stem Teleostei 4	stem Teleostei 3	stem Teleostei 2	stem Teleostei 1	stem Halecomorphi 1","IPM 3 (correlated with P19; Tyler and Gregorova 1991), age estimate derived from Gradstein et al. (2012)"
Total_group_Balistoidei,Balistes_vetula,Triacanthodes_ethiops,54.17,81.25684685,10620,Total group Balistoidei,Eospinus daniltshenkoi,Arcila et al. (2015),"Danatinsk Formation, Turkmenistan","Total group Balistoidei	Total group Tetraodontoidei	Total group Macrorhamphosa	Total group Lampridformes	Total group Holocentroidei	Total group Aulopiformes	Total group Euteleostei	Crown Teleostei	stem Teleostei 5	stem Teleostei 4	stem Teleostei 3	stem Teleostei 2	stem Teleostei 1	stem Halecomorphi 1","See argumentation in Harrington et al. (2016), calibration 4; specimen derives from same geological unit"
Total_group_Triacanthidae,Parahollardia_lineata,Triacanthus_biaculeatus,49,69.59459459,10621,Total group Triacanthidae,Protacanthodes nimesensis,Arcila et al. (2015),"Bolca, Italy","Total group Triacanthidae	Total group Balistoidei	Total group Tetraodontoidei	Total group Macrorhamphosa	Total group Lampridformes	Total group Holocentroidei	Total group Aulopiformes	Total group Euteleostei	Crown Teleostei	stem Teleostei 5	stem Teleostei 4	stem Teleostei 3	stem Teleostei 2	stem Teleostei 1	stem Halecomorphi 1","See argumentation in Harrington et al. (2016), calibration 4; specimen derives from same geological unit"
MRCA_Tydemania__Triacanthodes,Tydemania_navigatoris,Triacanthodes_ethiops,26.93,57.59398398,10631,"MRCA Tydemania, Triacanthodes",Carpathospinosus propheticus,Arcila et al. (2015),"Przysietnica, Poland","MRCA Tydemania, Triacanthodes	Total group Triacanthidae	Total group Balistoidei	Total group Tetraodontoidei	Total group Macrorhamphosa	Total group Lampridformes	Total group Holocentroidei	Total group Aulopiformes	Total group Euteleostei	Crown Teleostei	stem Teleostei 5	stem Teleostei 4	stem Teleostei 3	stem Teleostei 2	stem Teleostei 1	stem Halecomorphi 1","IPM 4 (correlated with P21a; Tyler et al. 1993), age estimate derived from Gradstein et al. (2012)"
Crown_Balistoidei,Balistes_vetula,Monacanthus_tuckeri,32.02,66.67891892,10636,Crown Balistoidei,Oligobalistes robustus,Arcila et al. (2015),"Lower Khadum Horizon, Caucasus","Crown Balistoidei	Total group Balistoidei	Total group Tetraodontoidei	Total group Macrorhamphosa	Total group Lampridformes	Total group Holocentroidei	Total group Aulopiformes	Total group Euteleostei	Crown Teleostei	stem Teleostei 5	stem Teleostei 4	stem Teleostei 3	stem Teleostei 2	stem Teleostei 1	stem Halecomorphi 1","See argumentation in Benton et al. (2015), calibration 40; specimen derives from same geological unit"
Total_group_Tetraodontoidei,Mola_mola,Diodon_hystrix,55.8,94.38118118,10801,Total group Tetraodontoidei,Balkaria histiopterygia,Bannikov et al. (2016),"Kehu River, Kabardino-Balkarian Republic","Total group Tetraodontoidei	Total group Macrorhamphosa	Total group Lampridformes	Total group Holocentroidei	Total group Aulopiformes	Total group Euteleostei	Crown Teleostei	stem Teleostei 5	stem Teleostei 4	stem Teleostei 3	stem Teleostei 2	stem Teleostei 1	stem Halecomorphi 1",Bannikov et al. (2016)
Crown_Molidae,Mola_mola,Ranzania_laevis,21.12,75.55547548,10802,Crown Molidae,Austromola angerhoferi,Gregorova et al. (2009),"Ebelsberg Formation, Austria","Crown Molidae	Total group Tetraodontoidei	Total group Macrorhamphosa	Total group Lampridformes	Total group Holocentroidei	Total group Aulopiformes	Total group Euteleostei	Crown Teleostei	stem Teleostei 5	stem Teleostei 4	stem Teleostei 3	stem Teleostei 2	stem Teleostei 1	stem Halecomorphi 1","M1, age estimate derived from Gradstein et al. (2012)"
Total_group_Diodontidae,Diodon_hystrix,Tetraodon_cutcutia,49,79.89189189,10807,Total group Diodontidae,Heptadiodon echinus,Bannikov et al. (2016),"Bolca, Italy","Total group Diodontidae	Total group Tetraodontoidei	Total group Macrorhamphosa	Total group Lampridformes	Total group Holocentroidei	Total group Aulopiformes	Total group Euteleostei	Crown Teleostei	stem Teleostei 5	stem Teleostei 4	stem Teleostei 3	stem Teleostei 2	stem Teleostei 1	stem Halecomorphi 1","See argumentation in Harrington et al. (2016), calibration 4; specimen derives from same geological unit"
MRCA_Sphoeroides__Tetraodon,Tetraodon_cutcutia,Sphoeroides_tyleri,32.02,65.48378378,10851,"MRCA Sphoeroides, Tetraodon",Archaeotetraodon winterbottomi,Bannikov et al. (2016),"Lower Khadum Horizon, Caucasus","MRCA Sphoeroides, Tetraodon	Total group Diodontidae	Total group Tetraodontoidei	Total group Macrorhamphosa	Total group Lampridformes	Total group Holocentroidei	Total group Aulopiformes	Total group Euteleostei	Crown Teleostei	stem Teleostei 5	stem Teleostei 4	stem Teleostei 3	stem Teleostei 2	stem Teleostei 1	stem Halecomorphi 1","See argumentation in Benton et al. (2015), calibration 40; specimen derives from same geological unit"
Total_group_Scatophagidae,Scatophagus_argus,Pristigenys_alta,49,62.72972973,11065,Total group Scatophagidae,Eoscatophagus frontalis,Tyler (1999),"Bolca, Italy","Total group Scatophagidae	Total group Siganidae	Total group Luvarus	Total group Tetraodontoidei	Total group Macrorhamphosa	Total group Lampridformes	Total group Holocentroidei	Total group Aulopiformes	Total group Euteleostei	Crown Teleostei	stem Teleostei 5	stem Teleostei 4	stem Teleostei 3	stem Teleostei 2	stem Teleostei 1	stem Halecomorphi 1","See argumentation in Harrington et al. (2016), calibration 4; specimen derives from same geological unit"
Total_group_Siganidae,Siganus_argenteus,Capros_aper,54.17,70.72307307,11098,Total group Siganidae,Siganopygaeus rarus,"Tyler & Bannikov (1997), Banikov et al. (2010)","Danatinsk Formation, Turkmenistan","Total group Siganidae	Total group Luvarus	Total group Tetraodontoidei	Total group Macrorhamphosa	Total group Lampridformes	Total group Holocentroidei	Total group Aulopiformes	Total group Euteleostei	Crown Teleostei	stem Teleostei 5	stem Teleostei 4	stem Teleostei 3	stem Teleostei 2	stem Teleostei 1	stem Halecomorphi 1","See argumentation in Harrington et al. (2016), calibration 4; specimen derives from same geological unit"
Total_group_Luvarus,Zanclus_cornutus,Luvarus_imperialis,54.17,81.25684685,11161,Total group Luvarus,Luvarus necopinatus,Alfaro et al. (in prep),"Danatinsk Formation, Turkmenistan","Total group Luvarus	Total group Tetraodontoidei	Total group Macrorhamphosa	Total group Lampridformes	Total group Holocentroidei	Total group Aulopiformes	Total group Euteleostei	Crown Teleostei	stem Teleostei 5	stem Teleostei 4	stem Teleostei 3	stem Teleostei 2	stem Teleostei 1	stem Halecomorphi 1","See argumentation in Harrington et al. (2016), 'Total-group Carangiformes'; specimen derives from same geological unit"
Total_group_Zanclus,Zanclus_cornutus,Naso_thynnoides,49,69.59459459,11163,Total group Zanclus,Eozanclus brevirostris,?,"Bolca, Italy","Total group Zanclus	Total group Luvarus	Total group Tetraodontoidei	Total group Macrorhamphosa	Total group Lampridformes	Total group Holocentroidei	Total group Aulopiformes	Total group Euteleostei	Crown Teleostei	stem Teleostei 5	stem Teleostei 4	stem Teleostei 3	stem Teleostei 2	stem Teleostei 1	stem Halecomorphi 1","See argumentation in Harrington et al. (2016), calibration 4; specimen derives from same geological unit"
Crown_group_Acanthuridae,Naso_thynnoides,Prionurus_microlepidotus,49,61.58558559,11165,Crown group Acanthuridae,Proacanthurus tenuis,Near et al. (2012),"Bolca, Italy","Crown group Acanthuridae	Total group Zanclus	Total group Luvarus	Total group Tetraodontoidei	Total group Macrorhamphosa	Total group Lampridformes	Total group Holocentroidei	Total group Aulopiformes	Total group Euteleostei	Crown Teleostei	stem Teleostei 5	stem Teleostei 4	stem Teleostei 3	stem Teleostei 2	stem Teleostei 1	stem Halecomorphi 1","See argumentation in Harrington et al. (2016), calibration 4; specimen derives from same geological unit"
Total_group_Malacanthus,Malacanthus_brevirostris,Hoplolatilus_chlupatyi,13.53,39.37698699,11527,Total group Malacanthus,Malacanthus carosii,Carnevale (2016),"St. Margarethen, Austria","Total group Malacanthus	Total group Lopholatilus	Total group Chaetodontidae	Total group Luvarus	Total group Tetraodontoidei	Total group Macrorhamphosa	Total group Lampridformes	Total group Holocentroidei	Total group Aulopiformes	Total group Euteleostei	Crown Teleostei	stem Teleostei 5	stem Teleostei 4	stem Teleostei 3	stem Teleostei 2	stem Teleostei 1	stem Halecomorphi 1","NN5b, age estimage derived from Gradstein et al. (2012)"
Total_group_Lopholatilus,Lopholatilus_villarii,Hoplolatilus_marcosi,13.82,51.73029029,11540,Total group Lopholatilus,Lopholatilus chamaeleonticeps,Carnvelae & Godfrey (2014),"Calvert Formation, USA","Total group Lopholatilus	Total group Chaetodontidae	Total group Luvarus	Total group Tetraodontoidei	Total group Macrorhamphosa	Total group Lampridformes	Total group Holocentroidei	Total group Aulopiformes	Total group Euteleostei	Crown Teleostei	stem Teleostei 5	stem Teleostei 4	stem Teleostei 3	stem Teleostei 2	stem Teleostei 1	stem Halecomorphi 1","Langhian, age estimate derived from Gradstein et al. (2012)"
Total_group_Chaetodontidae,Chaetodon_robustus,Leiognathus_longispinis,29.62,66.09105105,11890,Total group Chaetodontidae,Chaetodontidae indet. (Tholichthys larval stage),Micklich et al. (2009),", Germany","Total group Chaetodontidae	Total group Luvarus	Total group Tetraodontoidei	Total group Macrorhamphosa	Total group Lampridformes	Total group Holocentroidei	Total group Aulopiformes	Total group Euteleostei	Crown Teleostei	stem Teleostei 5	stem Teleostei 4	stem Teleostei 3	stem Teleostei 2	stem Teleostei 1	stem Halecomorphi 1","See argumentation in Harrington et al. (2016), calibration 6; specimen derives from same geological unit"
Total_group_Chaetodon,Chaetodon_robustus,Prognathodes_aya,5.333,50.81785385,11994,Total group Chaetodon,Chaetodon ficheuri,Carnevale (2006),"Oran, Algeria","Total group Chaetodon	Total group Chaetodontidae	Total group Luvarus	Total group Tetraodontoidei	Total group Macrorhamphosa	Total group Lampridformes	Total group Holocentroidei	Total group Aulopiformes	Total group Euteleostei	Crown Teleostei	stem Teleostei 5	stem Teleostei 4	stem Teleostei 3	stem Teleostei 2	stem Teleostei 1	stem Halecomorphi 1","Messinian, age estimate derived from Gradstein et al. (2012)"
Total_group_Astroscopus,Astroscopus_y_graecum,Uranoscopus_sulphureus,7.246,38.13793393,12704,Total group Astroscopus,Astroscopus countermani,Carnevale et al. (2011),"St. Mary's Formation, USA","Total group Astroscopus	Total group Archoplites	Total group Chaetodontidae	Total group Luvarus	Total group Tetraodontoidei	Total group Macrorhamphosa	Total group Lampridformes	Total group Holocentroidei	Total group Aulopiformes	Total group Euteleostei	Crown Teleostei	stem Teleostei 5	stem Teleostei 4	stem Teleostei 3	stem Teleostei 2	stem Teleostei 1	stem Halecomorphi 1","Tortonian, age estimate derived from Gradstein et al. (2012)"
Total_group_Archoplites,Archoplites_interruptus,Pomoxis_annularis,15.4,52.33633634,13195,Total group Archoplites,Archoplites clarki,Smith & Miller (1985),"Clarkia Lake Beds, Idaho, USA","Total group Archoplites	Total group Chaetodontidae	Total group Luvarus	Total group Tetraodontoidei	Total group Macrorhamphosa	Total group Lampridformes	Total group Holocentroidei	Total group Aulopiformes	Total group Euteleostei	Crown Teleostei	stem Teleostei 5	stem Teleostei 4	stem Teleostei 3	stem Teleostei 2	stem Teleostei 1	stem Halecomorphi 1",Ladderud et al. (2015)
Gasterosteus_aculeatus,Gasterosteus_aculeatus,Gasterosteus_wheatlandi,13.1,39.39099099,14918,Gasterosteus aculeatus,Gasterosteus cf. wheatlandi,Benton et al. (2015),"Monterey Formation (Alta Mira Shale), California, USA","Gasterosteus aculeatus	Total group Archoplites	Total group Chaetodontidae	Total group Luvarus	Total group Tetraodontoidei	Total group Macrorhamphosa	Total group Lampridformes	Total group Holocentroidei	Total group Aulopiformes	Total group Euteleostei	Crown Teleostei	stem Teleostei 5	stem Teleostei 4	stem Teleostei 3	stem Teleostei 2	stem Teleostei 1	stem Halecomorphi 1","See argumentation in Benton et al. (2015), calibration 39"
Total_group_Trichuroidea,Ruvettus_pretiosus,Xenobrama_microlepis,54.17,94.42406406,15846,Total group Trichuroidea,Argestichthys vysotzkyi,Prokofiev (2002),"Danatinsk Formation, Turkmenistan","Total group Trichuroidea	Total group Macrorhamphosa	Total group Lampridformes	Total group Holocentroidei	Total group Aulopiformes	Total group Euteleostei	Crown Teleostei	stem Teleostei 5	stem Teleostei 4	stem Teleostei 3	stem Teleostei 2	stem Teleostei 1	stem Halecomorphi 1","See argumentation in Harrington et al. (2016), 'Total-group Carangiformes'; specimen derives from same geological unit"
Crown_Scombridae,Scomber_scombrus,Allothunnus_fallai,54.17,80.88064064,15976,Crown Scombridae,Eocoelopoma portentosum,Alfaro et al. (in prep),"Danatinsk Formation, Turkmenistan","Crown Scombridae	Total group Trichuroidea	Total group Macrorhamphosa	Total group Lampridformes	Total group Holocentroidei	Total group Aulopiformes	Total group Euteleostei	Crown Teleostei	stem Teleostei 5	stem Teleostei 4	stem Teleostei 3	stem Teleostei 2	stem Teleostei 1	stem Halecomorphi 1","See argumentation in Alfaro et al. (in revision), calibration 5"
Total_group_Champsodontidae,Champsodon_snyderi,Mullus_auratus,38,92.15015015,16132,Total group Champsodontidae,Eochampsodon elongatus,Bannikov (2004),"Gomyi Luch, Russia","Total group Champsodontidae	Total group Macrorhamphosa	Total group Lampridformes	Total group Holocentroidei	Total group Aulopiformes	Total group Euteleostei	Crown Teleostei	stem Teleostei 5	stem Teleostei 4	stem Teleostei 3	stem Teleostei 2	stem Teleostei 1	stem Halecomorphi 1","Bartonian (Bannikov and Parin 1997), age estimate derived from Gradstein et al. (2012)"
Total_group_Macrorhamphosa,Aeoliscus_strigatus,Aulostomus_chinensis,69.71,109.3815716,16199,Total group Macrorhamphosa,Gasterorhamphosus zuppichinii,?,"Nardo, Italy","Total group Macrorhamphosa	Total group Lampridformes	Total group Holocentroidei	Total group Aulopiformes	Total group Euteleostei	Crown Teleostei	stem Teleostei 5	stem Teleostei 4	stem Teleostei 3	stem Teleostei 2	stem Teleostei 1	stem Halecomorphi 1","Harrington et al. (2016), calibration 3"
Total_group_Centriscidae,Aeoliscus_strigatus,Macroramphosus_gracilis,55.8,94.38118118,16213,Total group Centriscidae,Gerpegezhus paviai,Bannikov & Carnevale (2012),"Kehu River, Kabardino-Balkarian Republic","Total group Centriscidae	Total group Macrorhamphosa	Total group Lampridformes	Total group Holocentroidei	Total group Aulopiformes	Total group Euteleostei	Crown Teleostei	stem Teleostei 5	stem Teleostei 4	stem Teleostei 3	stem Teleostei 2	stem Teleostei 1	stem Halecomorphi 1",Bannikov and Carnevale (2012)
Total_group_Hippocampus,Idiotropiscis_lumnitzeri,Hippocampus_bargibanti,49,79.89189189,16331,Total group Hippocampus,Hippocampus samarticus,Žalohar et al. 2009,"Coprolitic Horizon, Slovenia","Total group Hippocampus	Total group Centriscidae	Total group Macrorhamphosa	Total group Lampridformes	Total group Holocentroidei	Total group Aulopiformes	Total group Euteleostei	Crown Teleostei	stem Teleostei 5	stem Teleostei 4	stem Teleostei 3	stem Teleostei 2	stem Teleostei 1	stem Halecomorphi 1",Žalohar et al. (2009)
Total_group_Gobiiformes,Trichonotus_elegans,Protogobius_attiti,49,93.62162162,16572,Total group Gobiiformes,Carlomonnius quasigobius,Bannikov & Carnevale (2016),"Bolca, Italy","Total group Gobiiformes	Total group Macrorhamphosa	Total group Lampridformes	Total group Holocentroidei	Total group Aulopiformes	Total group Euteleostei	Crown Teleostei	stem Teleostei 5	stem Teleostei 4	stem Teleostei 3	stem Teleostei 2	stem Teleostei 1	stem Halecomorphi 1","See argumentation in Harrington et al. (2016), calibration 4; specimen derives from same geological unit"
Total_group_Kribia,Kribia_nana,Bostrychus_sinensis,23.03,74.76692693,16707,Total group Kribia,Lepidocottus aries,Gierl et al. (2013),"Aix-en-Provance Formation, France","Total group Kribia	Total group Gobiiformes	Total group Macrorhamphosa	Total group Lampridformes	Total group Holocentroidei	Total group Aulopiformes	Total group Euteleostei	Crown Teleostei	stem Teleostei 5	stem Teleostei 4	stem Teleostei 3	stem Teleostei 2	stem Teleostei 1	stem Halecomorphi 1","Late Oligocene (Gierl et al. 2013), age estimate derived from Gradstein et al. (2012)"
Total_group_Channidae,Channa_diplogramma,Helostoma_temminkii,41.3,78.65255255,17716,Total group Channidae,Anchichanna kuldanensis,Murray & Thewissen (2008),"Kuldana Formation, Pakistan","Total group Channidae	Total group Menidae	Total group Macrorhamphosa	Total group Lampridformes	Total group Holocentroidei	Total group Aulopiformes	Total group Euteleostei	Crown Teleostei	stem Teleostei 5	stem Teleostei 4	stem Teleostei 3	stem Teleostei 2	stem Teleostei 1	stem Halecomorphi 1","Lutetian, age estimate derived from Gradstein et al. (2012)"
Total_group_Latidae,Lates_niloticus,Toxotes_jaculatrix,49,79.89189189,17933,Total group Latidae,Eolates gracilis,Otero (2004),"Bolca, Italy","Total group Latidae	Total group Menidae	Total group Macrorhamphosa	Total group Lampridformes	Total group Holocentroidei	Total group Aulopiformes	Total group Euteleostei	Crown Teleostei	stem Teleostei 5	stem Teleostei 4	stem Teleostei 3	stem Teleostei 2	stem Teleostei 1	stem Halecomorphi 1","See argumentation in Harrington et al. (2016), calibration 4; specimen derives from same geological unit"
Total_group_Menidae,Mene_maculata,Xiphias_gladius,55.2,94.59339339,17968,Total group Menidae,Mene purdyi,Friedman & Johnson (2006),"Lagunitos, Peru","Total group Menidae	Total group Macrorhamphosa	Total group Lampridformes	Total group Holocentroidei	Total group Aulopiformes	Total group Euteleostei	Crown Teleostei	stem Teleostei 5	stem Teleostei 4	stem Teleostei 3	stem Teleostei 2	stem Teleostei 1	stem Halecomorphi 1","See argumentation in Harrington et al. (2016), calibration 5"
Total_group_Echeneoidei,Remora_osteochir,Lichia_amia,49,68.45045045,17982,Total group Echeneoidei,Ductor vestenae,Harrington et al. (in prep),"Bolca, Italy","Total group Echeneoidei	Total group Carangini	Total group Menidae	Total group Macrorhamphosa	Total group Lampridformes	Total group Holocentroidei	Total group Aulopiformes	Total group Euteleostei	Crown Teleostei	stem Teleostei 5	stem Teleostei 4	stem Teleostei 3	stem Teleostei 2	stem Teleostei 1	stem Halecomorphi 1","See argumentation in Harrington et al. (2016), calibration 7"
Total_group_Echeneidae,Remora_osteochir,Rachycentron_canadum,29.62,56.87309309,17993,Total group Echeneidae,Oligoremora rhenana,Harrington et al. (in prep),"Grube Unterfeld, Germany","Total group Echeneidae	Total group Echeneoidei	Total group Carangini	Total group Menidae	Total group Macrorhamphosa	Total group Lampridformes	Total group Holocentroidei	Total group Aulopiformes	Total group Euteleostei	Crown Teleostei	stem Teleostei 5	stem Teleostei 4	stem Teleostei 3	stem Teleostei 2	stem Teleostei 1	stem Halecomorphi 1","See argumentation in Harrington et al. (2016), calibration 6"
Total_group_Scomberoidini,Scomberoides_tol,Oligoplites_altus,19.3,55.47777778,18035,Total group Scomberoidini,Scomberoides spinosus,Harrington et al. (in prep),"Upper Maikop, Caucasus","Total group Scomberoidini	Total group Echeneoidei	Total group Carangini	Total group Menidae	Total group Macrorhamphosa	Total group Lampridformes	Total group Holocentroidei	Total group Aulopiformes	Total group Euteleostei	Crown Teleostei	stem Teleostei 5	stem Teleostei 4	stem Teleostei 3	stem Teleostei 2	stem Teleostei 1	stem Halecomorphi 1","See argumentation in Harrington et al. (2016), calibration 8"
Total_group_Carangini,Seriola_zonata,Selene_vomer,49,79.89189189,18069,Total group Carangini,Eastmanalepes primaevus,Harrington et al. (in prep),"Bolca, Italy","Total group Carangini	Total group Menidae	Total group Macrorhamphosa	Total group Lampridformes	Total group Holocentroidei	Total group Aulopiformes	Total group Euteleostei	Crown Teleostei	stem Teleostei 5	stem Teleostei 4	stem Teleostei 3	stem Teleostei 2	stem Teleostei 1	stem Halecomorphi 1","See argumentation in Harrington et al. (2016), calibration 9"
Total_group_Pleuronectiformes,Psettodes_erumei,Lactarius_lactarius,49,79.89189189,18258,Total group Pleuronectiformes,Heteronectes chaneti,Harrington et al. (in prep),"Bolca, Italy","Total group Pleuronectiformes	Total group Menidae	Total group Macrorhamphosa	Total group Lampridformes	Total group Holocentroidei	Total group Aulopiformes	Total group Euteleostei	Crown Teleostei	stem Teleostei 5	stem Teleostei 4	stem Teleostei 3	stem Teleostei 2	stem Teleostei 1	stem Halecomorphi 1","See argumentation in Harrington et al. (2016), calibration 10"
Total_group_Sphyraenidae,Sphyraena_flavicauda,Lactarius_lactarius,49,68.45045045,18283,Total group Sphyraenidae,Sphyraena bolcensis,Harrington et al. (in prep),"Bolca, Italy","Total group Sphyraenidae	Total group Pleuronectiformes	Total group Menidae	Total group Macrorhamphosa	Total group Lampridformes	Total group Holocentroidei	Total group Aulopiformes	Total group Euteleostei	Crown Teleostei	stem Teleostei 5	stem Teleostei 4	stem Teleostei 3	stem Teleostei 2	stem Teleostei 1	stem Halecomorphi 1","See argumentation in Harrington et al. (2016), calibration 4; specimen derives from same geological unit"
Subset_Pleuronectoidei,Citharoides_macrolepis,Bothus_pantherinus,49,68.45045045,18338,Subset Pleuronectoidei,Eobothus minimus,Harrington et al. (in prep),"Bolca, Italy","Subset Pleuronectoidei	Total group Pleuronectiformes	Total group Menidae	Total group Macrorhamphosa	Total group Lampridformes	Total group Holocentroidei	Total group Aulopiformes	Total group Euteleostei	Crown Teleostei	stem Teleostei 5	stem Teleostei 4	stem Teleostei 3	stem Teleostei 2	stem Teleostei 1	stem Halecomorphi 1","See argumentation in Harrington et al. (2016), calibration 11"
Subset_Pleuronectoidei,Paralichthys_albigutta,Hypsopsetta_guttulata,29.62,50.05981982,18359,Subset Pleuronectoidei,Oligopleuronectes germanicus,Harrington et al. (in prep),"Grube Unterfeld, Germany","Subset Pleuronectoidei	Total group Soleidae	Subset Pleuronectoidei	Total group Pleuronectiformes	Total group Menidae	Total group Macrorhamphosa	Total group Lampridformes	Total group Holocentroidei	Total group Aulopiformes	Total group Euteleostei	Crown Teleostei	stem Teleostei 5	stem Teleostei 4	stem Teleostei 3	stem Teleostei 2	stem Teleostei 1	stem Halecomorphi 1","See argumentation in Harrington et al. (2016), calibration 14"
Total_group_Bothidae,Arnoglossus_tenuis,Cyclopsetta_panamensis,29.62,50.05981982,18575,Total group Bothidae,Oligobothus pristinus,Harrington et al. (in prep),"Piatra Neamt, Romania","Total group Bothidae	Total group Soleidae	Subset Pleuronectoidei	Total group Pleuronectiformes	Total group Menidae	Total group Macrorhamphosa	Total group Lampridformes	Total group Holocentroidei	Total group Aulopiformes	Total group Euteleostei	Crown Teleostei	stem Teleostei 5	stem Teleostei 4	stem Teleostei 3	stem Teleostei 2	stem Teleostei 1	stem Halecomorphi 1","See argumentation in Harrington et al. (2016), calibration 15"
Total_group_Soleidae,Aseraggodes_heemstrai,Samariscus_xenicus,41.2,59.1027027,18660,Total group Soleidae,Eubuglossus eocenicus,Harrington et al. (in prep),"Djebel Turah, Egypt","Total group Soleidae	Subset Pleuronectoidei	Total group Pleuronectiformes	Total group Menidae	Total group Macrorhamphosa	Total group Lampridformes	Total group Holocentroidei	Total group Aulopiformes	Total group Euteleostei	Crown Teleostei	stem Teleostei 5	stem Teleostei 4	stem Teleostei 3	stem Teleostei 2	stem Teleostei 1	stem Halecomorphi 1","See argumentation in Harrington et al. (2016), calibration 12"
Total_group_Bothus,Bothus_podas,Trichopsetta_ventralis,11.056,41.25016216,18819,Total group Bothus,Bothus sp.,Harrington et al. (in prep),"Tsurevsky Formation, Caucasus","Total group Bothus	Total group Bothidae	Total group Soleidae	Subset Pleuronectoidei	Total group Pleuronectiformes	Total group Menidae	Total group Macrorhamphosa	Total group Lampridformes	Total group Holocentroidei	Total group Aulopiformes	Total group Euteleostei	Crown Teleostei	stem Teleostei 5	stem Teleostei 4	stem Teleostei 3	stem Teleostei 2	stem Teleostei 1	stem Halecomorphi 1","See argumentation in Harrington et al. (2016), calibration 16"
Total_group_Pomacentridae,Pomacentrus_bankanensis,Hyperprosopon_anale,49,68.45045045,18936,Total group Pomacentridae,Palaeopomacentrus orphae,Bellwood & Sorbini (1996),"Bolca, Italy","Total group Pomacentridae	Total group Exocoetidae	Total group Menidae	Total group Macrorhamphosa	Total group Lampridformes	Total group Holocentroidei	Total group Aulopiformes	Total group Euteleostei	Crown Teleostei	stem Teleostei 5	stem Teleostei 4	stem Teleostei 3	stem Teleostei 2	stem Teleostei 1	stem Halecomorphi 1","See argumentation in Harrington et al. (2016), calibration 4; specimen derives from same geological unit"
Crown_Cichlidae,Astronotus_ocellatus,Hemichromis_elongatus,45,67.73773774,20020,Crown Cichlidae,Mahengechromis spp,"Murray (2001a, b, c)","Mahenge, Tanzania","Crown Cichlidae	Total group Exocoetidae	Total group Menidae	Total group Macrorhamphosa	Total group Lampridformes	Total group Holocentroidei	Total group Aulopiformes	Total group Euteleostei	Crown Teleostei	stem Teleostei 5	stem Teleostei 4	stem Teleostei 3	stem Teleostei 2	stem Teleostei 1	stem Halecomorphi 1",Harrison et al. (2001)
Crown_Geophagini,Satanoperca_daemon,Geophagus_proximus,39.5,57.87187187,20108,Crown Geophagini,Gymnogeophagus eocenicus,McMahan et al. (2013),"Lumbrera Formation (Faja Verde), Argentia","Crown Geophagini	Crown Cichlidae	Total group Exocoetidae	Total group Menidae	Total group Macrorhamphosa	Total group Lampridformes	Total group Holocentroidei	Total group Aulopiformes	Total group Euteleostei	Crown Teleostei	stem Teleostei 5	stem Teleostei 4	stem Teleostei 3	stem Teleostei 2	stem Teleostei 1	stem Halecomorphi 1",Minimum age constrained by zircon dating of overlying Faja Verde (del Papa et al. 2010)
Total_group_Nandopsis_haitiensis,Nandopsis_haitiensis,Nandopsis_ramsdeni,3.6,45.85585586,20387,Total group Nandopsis haitiensis,Nandopsis woodringi,Supplment to cichlid response,"?Las Cahobas Formation, Haiti","Total group Nandopsis haitiensis	Crown Geophagini	Crown Cichlidae	Total group Exocoetidae	Total group Menidae	Total group Macrorhamphosa	Total group Lampridformes	Total group Holocentroidei	Total group Aulopiformes	Total group Euteleostei	Crown Teleostei	stem Teleostei 5	stem Teleostei 4	stem Teleostei 3	stem Teleostei 2	stem Teleostei 1	stem Halecomorphi 1",Graham (1990)
Total_group_Exocoetidae,Euleptorhamphus_viridis,Parexocoetus_mento,49,79.89189189,22074,Total group Exocoetidae,Ramphexocoetus volans,Benton et al. (2015),"Bolca, Italy","Total group Exocoetidae	Total group Menidae	Total group Macrorhamphosa	Total group Lampridformes	Total group Holocentroidei	Total group Aulopiformes	Total group Euteleostei	Crown Teleostei	stem Teleostei 5	stem Teleostei 4	stem Teleostei 3	stem Teleostei 2	stem Teleostei 1	stem Halecomorphi 1","See argumentation in Benton et al. (2015), calibration 36"
Total_group_Valenciidae,Valencia_hispanica,Aphanius_mento,28.1,64.70950951,22712,Total group Valenciidae,Francolebias aymardi,Costa (2012),"Rozon, France","Total group Valenciidae	Total group Exocoetidae	Total group Menidae	Total group Macrorhamphosa	Total group Lampridformes	Total group Holocentroidei	Total group Aulopiformes	Total group Euteleostei	Crown Teleostei	stem Teleostei 5	stem Teleostei 4	stem Teleostei 3	stem Teleostei 2	stem Teleostei 1	stem Halecomorphi 1","Early Oligocene (Costa 2012), age estimate derived from Gradstein et al. (2012)"
